contented,"['upset', 'sad', 'unhappy', 'disturbed']"
satisfied,['unhappy']
influenced,['kept']
changed,"['placed', 'stored', 'permanent', 'kept', 'final']"
returned,"['held', 'kept', 'retained']"
exchanged,['kept']
kept,"['forgotten', 'abandoned', 'broken']"
reserved,"['excited', 'friendly', 'upset', 'given', 'disturbed', 'troubled', 'assured', 'bold', 'offered']"
composed,"['nervous', 'upset', 'worried', 'excited', 'angered']"
relaxed,"['excited', 'worried', 'planned', 'troubled', 'formal', 'stiff', 'difficult', 'violent', 'wild']"
informal,"['official', 'formal', 'stiff']"
intimate,"['far', 'cold', 'cool', 'away', 'loose', 'formal', 'public']"
warm,"['freezing', 'violent', 'cool', 'cooled', 'cold', 'unhappy', 'calm']"
sunny,"['upset', 'dark', 'unhappy']"
pleasant,"['boring', 'bad', 'mean', 'bitter', 'ugly', 'sad', 'unhappy', 'harsh', 'severe', 'nasty', 'offensive', 'troubling']"
sweet,"['acid', 'bitter', 'mean', 'ugly']"
acid,"['basic', 'kind', 'mild', 'sweet', 'nice']"
biting,"['pleasant', 'kind', 'mild', 'nice', 'calm', 'sweet']"
bitter,"['pleasant', 'content', 'kind', 'wonderful', 'sweet', 'mild', 'nice', 'good', 'helping']"
harsh,"['pleasant', 'kind', 'peaceful', 'pleasing', 'flexible', 'soft', 'yielding', 'easy', 'mild', 'nice', 'bright', 'sunny', 'calm', 'moderate', 'low', 'gentle', 'smooth']"
hard,"['vulnerable', 'pleasant', 'uncertain', 'soft', 'weak', 'delicate', 'flexible', 'yielding', 'easy', 'mild', 'simple', 'nice', 'sensitive']"
solid,"['divided', 'vulnerable', 'weak', 'little', 'slight', 'small', 'moving', 'flexible', 'soft', 'loose', 'thin', 'fluid', 'liquid', 'broken']"
tight,"['loose', 'weak', 'moderate', 'soft', 'flexible', 'calm', 'broken', 'slow', 'reasonable', 'yielding', 'comfortable', 'free', 'open', 'wide', 'giving', 'easy']"
strong,"['fragile', 'vulnerable', 'unable', 'vague', 'pale', 'loose', 'soft', 'weak', 'yielding', 'moving', 'little', 'small', 'easy', 'delicate', 'broken', 'mild', 'moderate', 'low']"
firm,"['vulnerable', 'weak', 'nice', 'easy', 'soft', 'flexible', 'yielding', 'loose', 'moving']"
tough,"['fragile', 'vulnerable', 'kind', 'weak', 'yielding', 'loose', 'flexible', 'soft', 'easy', 'delicate', 'gentle', 'nice', 'tender']"
stiff,"['bending', 'informal', 'soft', 'loose', 'flexible', 'casual', 'easy', 'calm', 'moderate', 'normal']"
thick,"['restricted', 'intelligent', 'wise', 'little', 'slight', 'small', 'easy', 'narrow', 'thin', 'loose', 'flexible', 'soft', 'weak', 'low', 'smart', 'clear', 'reasonable']"
heavy,"['tiny', 'small', 'thin', 'little', 'easy', 'slight', 'poor', 'light', 'gay', 'happy', 'moving']"
huge,"['tiny', 'minor', 'little', 'minute', 'small', 'short', 'poor', 'limited', 'narrow']"
enormous,"['tiny', 'little', 'minute', 'small', 'common', 'ordinary']"
excessive,"['needed', 'essential', 'necessary', 'moderate', 'reasonable', 'cheap', 'low', 'close', 'mild']"
extra,"['needed', 'used', 'usual', 'worn', 'basic', 'elementary', 'fundamental', 'necessary', 'common', 'normal', 'ordinary', 'old', 'main', 'essential']"
mixed,"['alike', 'like', 'similar', 'same', 'uniform', 'separate', 'single']"
different,"['alike', 'like', 'similar', 'resembling', 'standard', 'usual', 'united', 'same', 'common', 'normal', 'ordinary', 'uniform', 'correspondent', 'conventional']"
conflicting,['peaceful']
rival,"['assisting', 'associate', 'supporting']"
equal,"['unlike', 'changing', 'variable', 'varying', 'biased', 'unfair', 'different']"
identical,"['diverse', 'opposite', 'unlike', 'different', 'distinct']"
exact,"['uncertain', 'vague', 'wrong', 'loose']"
perfect,"['poor', 'bad', 'wrong', 'broken', 'part']"
ideal,"['wrong', 'actual', 'common', 'material', 'practical']"
fitting,['wrong']
proper,['general']
good,"['OK', 'minor', 'evil', 'poor', 'expected', 'ordinary', 'mean']"
great,"['tiny', 'few', 'unknown', 'stupid', 'little', 'minute', 'small', 'low', 'soft', 'weak', 'mild', 'moderate', 'limited', 'thin', 'short', 'poor']"
tremendous,"['usual', 'tiny', 'pleasant', 'wonderful', 'common', 'conventional', 'familiar', 'ordinary', 'plain', 'little', 'small', 'bad', 'poor', 'expected', 'normal', 'nice', 'weak', 'minute']"
fantastic,"['rational', 'real', 'usual', 'logical', 'tiny', 'balanced', 'reasonable', 'normal', 'ordinary', 'regular', 'realistic', 'familiar', 'serious', 'common', 'conventional', 'plain', 'little', 'small', 'bad', 'poor']"
incredible,"['possible', 'terrible', 'reasonable', 'realistic', 'bad', 'poor']"
ridiculous,"['possible', 'logical', 'usual', 'wise', 'bad', 'poor', 'reasonable', 'good', 'serious']"
silly,"['intelligent', 'wise', 'reasonable', 'responsible', 'smart', 'serious', 'practical']"
crazy,"['rational', 'collected', 'balanced', 'reasonable', 'sound', 'calm', 'realistic', 'responsible', 'smart', 'hate']"
nuts,"['rational', 'OK', 'balanced', 'reasonable', 'sound', 'calm']"
mad,"['collected', 'rational', 'wise', 'OK', 'calm', 'balanced', 'reasonable', 'sound', 'cheered', 'happy']"
disturbed,"['ordered', 'organized', 'neat']"
confused,"['composed', 'organized', 'understanding', 'ordered', 'separated', 'clear']"
puzzled,"['aware', 'clear', 'certain', 'sure']"
sent,['kept']
directed,['wandering']
controlled,['excited']
guarded,['bold']
calculating,"['honest', 'open']"
designing,"['honest', 'kind']"
sharp,"['stupid', 'honest', 'boring', 'old-fashioned', 'kind', 'slow', 'calm', 'mild', 'moderate', 'nice', 'flat', 'low']"
pointed,"['calming', 'mild', 'nice']"
peaked,"['healthy', 'colorful']"
ill,"['healthy', 'good', 'sound', 'strong', 'well']"
down,"['higher', 'above', 'happy']"
falling,"['improving', 'rising', 'increasing']"
shocking,"['comforting', 'pleasant', 'pleasing', 'wonderful', 'attractive', 'lovely', 'beautiful', 'calming', 'good', 'nice']"
terrible,"['pleasant', 'pleasing', 'wonderful', 'lucky', 'beautiful', 'calming', 'comforting', 'good', 'happy', 'nice', 'mild', 'great']"
disturbing,"['helpful', 'pleasant', 'pleasing', 'comforting', 'encouraging', 'easy', 'nice', 'good', 'happy']"
alarming,['comforting']
dangerous,"['honest', 'healthy', 'pleasant', 'wonderful', 'stable', 'pleasing', 'kind', 'OK', 'careful', 'guarded', 'true', 'strong', 'good', 'nice', 'safe', 'secure', 'great', 'certain', 'sure', 'happy']"
threatening,"['kind', 'far', 'pleasant', 'safe', 'nice', 'good', 'away', 'distant', 'remote']"
ugly,"['beautiful', 'pretty', 'pleasing', 'attractive', 'lovely', 'kind', 'pleasant', 'nice', 'good', 'delicate', 'gentle', 'safe']"
awful,"['encouraging', 'pleasant', 'pleasing', 'wonderful', 'comforting', 'kind', 'calming', 'attractive', 'beautiful', 'OK', 'happy', 'delicate', 'gentle', 'nice', 'good', 'safe', 'great']"
horrible,"['pleasant', 'pleasing', 'wonderful', 'attractive', 'beautiful', 'pretty', 'kind', 'calming', 'encouraging', 'comforting', 'good', 'nice', 'great', 'happy', 'gentle']"
nasty,"['kind', 'pleasant', 'pleasing', 'wonderful', 'moral', 'friendly', 'assisting', 'helpful', 'gentle', 'nice', 'tender', 'easy', 'good', 'pure', 'mild', 'calm', 'great', 'clean', 'decent', 'happy', 'aiding', 'helping', 'safe']"
dirty,"['ordered', 'moral', 'clean', 'clear', 'bright', 'neat', 'pure', 'decent', 'good', 'nice']"
black,"['white', 'clean', 'happy', 'good']"
jet,['white']
dark,"['intelligent', 'visible', 'evident', 'encouraging', 'moral', 'pleased', 'bright', 'clear', 'distinct', 'light', 'good', 'smart', 'sunny', 'happy', 'clean', 'brilliant', 'shining', 'apparent', 'plain']"
faint,"['intelligent', 'nearby', 'friendly', 'healthy', 'brave', 'bright', 'clear', 'distinct', 'smart', 'close', 'near', 'warm', 'sharp', 'thick', 'firm', 'strong', 'loud', 'certain', 'sure', 'rough', 'violent', 'harsh', 'colorful', 'heavy', 'bold']"
remote,"['known', 'loved', 'nearby', 'related', 'relevant', 'likely', 'possible', 'friendly', 'open', 'public', 'close', 'near', 'gentle', 'warm']"
unknown,"['usual', 'known', 'relevant', 'familiar', 'normal', 'identified', 'native', 'regular', 'common', 'named']"
exotic,"['boring', 'standard', 'usual', 'common', 'familiar', 'normal', 'regular', 'ordinary', 'native']"
romantic,"['usual', 'boring', 'real', 'familiar', 'ordinary', 'cold', 'cool', 'plain', 'realistic']"
fascinating,['boring']
gripping,['boring']
interesting,"['boring', 'usual', 'ugly', 'familiar', 'normal', 'ordinary']"
beautiful,"['horrible', 'ugly', 'bad', 'offensive', 'poor', 'ordinary', 'rough', 'plain']"
cute,"['offensive', 'ugly', 'unhappy']"
charming,"['boring', 'unhappy', 'ugly', 'bad', 'mean', 'offensive']"
absorbing,['boring']
arresting,"['usual', 'normal', 'ordinary', 'ugly']"
impressive,"['usual', 'poor', 'ordinary', 'normal', 'mild', 'moderate', 'common', 'little', 'small', 'weak']"
remarkable,"['usual', 'like', 'similar', 'standard', 'typical', 'common', 'ordinary', 'average', 'normal', 'bad', 'poor', 'regular', 'familiar']"
curious,"['usual', 'average', 'normal', 'ordinary']"
interested,"['bored', 'OK', 'fair']"
involved,"['simple', 'clear', 'easy']"
elaborate,"['usual', 'natural', 'easy', 'simple', 'general', 'normal', 'plain', 'regular']"
detailed,"['uncertain', 'vague', 'sparing', 'false', 'simple', 'brief']"
precise,"['vague', 'uncertain', 'general', 'flexible', 'yielding', 'loose', 'false']"
particular,"['usual', 'normal', 'ordinary', 'regular', 'general', 'common']"
distinct,"['uncertain', 'vague', 'connected', 'like', 'resembling', 'similar']"
specific,"['like', 'resembling', 'similar', 'standard', 'vague', 'uncertain', 'usual', 'normal', 'common', 'ordinary', 'general']"
limited,"['adequate', 'OK', 'sufficient', 'general', 'free']"
narrow,"['far', 'loose', 'strong', 'fat', 'free', 'open', 'giving', 'away', 'poor', 'thick', 'broad', 'generous', 'liberal', 'wide', 'accepting', 'wasting']"
thin,"['large', 'efficient', 'strong', 'fat', 'liberal', 'big', 'wide', 'thick', 'heavy', 'generous', 'colorful', 'dense', 'solid', 'concentrated']"
fragile,"['healthy', 'firm', 'strong', 'able', 'tough']"
weak,"['powerful', 'healthy', 'stable', 'brave', 'confident', 'capable', 'sufficient', 'guarded', 'protected', 'firm', 'steady', 'certain', 'sure', 'active', 'strong', 'able', 'bold', 'loud', 'fit', 'safe', 'secure', 'concentrated', 'thick']"
uncertain,"['determined', 'settled', 'reliable', 'certain', 'sure', 'clear', 'secure', 'decided', 'safe', 'resolved']"
risky,"['honest', 'healthy', 'stable', 'protected', 'certain', 'secure', 'sure', 'strong', 'well', 'safe', 'assured']"
sensitive,"['loose', 'calm', 'strong']"
nervous,"['brave', 'composed', 'confident', 'collected', 'sufficient', 'firm', 'certain', 'sure', 'calm', 'happy', 'bold', 'cool']"
afraid,"['brave', 'composed', 'confident', 'eager', 'calm', 'happy', 'bold', 'cool']"
scared,"['brave', 'confident', 'encouraged', 'bold', 'cool', 'happy']"
anxious,"['brave', 'composed', 'confident', 'collected', 'content', 'peaceful', 'bold', 'cool', 'happy', 'quiet', 'calm', 'assured']"
concerned,"['collected', 'peaceful', 'composed', 'calm', 'happy', 'cool']"
troubled,"['content', 'pleased', 'collected', 'composed', 'peaceful', 'settled', 'calm', 'happy', 'certain', 'sure', 'comforted', 'cool', 'quiet', 'balanced', 'sound']"
pained,"['collected', 'calm']"
wounded,"['healthy', 'perfect']"
disabled,"['healthy', 'firm', 'strong', 'able']"
weakened,"['active', 'firm', 'strong']"
exhausted,"['restored', 'stored', 'able', 'active', 'firm', 'strong', 'fresh', 'plenty', 'saved']"
drained,['full']
dragging,"['exciting', 'interesting']"
boring,"['exciting', 'interesting', 'intelligent', 'current', 'unusual', 'fascinating', 'smart', 'bright', 'new', 'different']"
demanding,"['uncertain', 'easy', 'flexible', 'nice', 'yielding', 'mild', 'simple']"
taxing,['easy']
trying,"['easy', 'mild', 'moderate']"
upsetting,"['helpful', 'pleasant', 'pleasing', 'comforting', 'encouraging', 'calming', 'easy', 'nice', 'good', 'settling', 'happy']"
discouraging,"['encouraging', 'pleasant', 'inspiring', 'bright', 'happy', 'light', 'sunny', 'favorable']"
secondary,"['useful', 'valuable', 'primary', 'huge', 'large', 'chief', 'important', 'significant', 'big', 'necessary', 'main', 'major', 'superior', 'source']"
supporting,"['opposing', 'main', 'against']"
main,"['minor', 'usual', 'extra', 'secondary', 'common', 'ordinary']"
major,"['tiny', 'lower', 'minor', 'junior', 'lesser', 'secondary', 'little', 'small', 'short', 'below']"
dominant,"['extra', 'minor', 'retiring', 'secondary', 'weak', 'modest', 'reserved']"
principal,"['lesser', 'minor', 'unknown', 'last', 'lower', 'least', 'extra', 'secondary', 'ordinary', 'poor']"
outstanding,"['unknown', 'usual', 'OK', 'settled', 'poor', 'little', 'small', 'weak', 'common', 'normal', 'ordinary', 'regular', 'low', 'average', 'paid', 'resolved']"
superior,"['usual', 'minor', 'lower', 'normal', 'ordinary', 'poor', 'bad', 'secondary', 'below']"
exclusive,"['old-fashioned', 'divided', 'shared', 'poor', 'open', 'public', 'part', 'partial']"
sole,"['combined', 'together', 'mixed', 'united', 'shared', 'common', 'general', 'ordinary']"
resting,['active']
asleep,"['awake', 'conscious']"
awake,['asleep']
alive,['dead']
conscious,['uncertain']
sure,"['uncertain', 'variable', 'doubted']"
confident,"['uncertain', 'afraid', 'shy', 'weak', 'depressed', 'sad']"
bold,"['retiring', 'afraid', 'shy', 'weak', 'quiet', 'faint', 'fair', 'light']"
daring,"['careful', 'afraid', 'shy', 'weak', 'chicken']"
smart,"['stupid', 'typical', 'honest', 'worn', 'light', 'dark', 'normal', 'slow', 'old']"
wise,"['stupid', 'kind']"
experienced,"['unable', 'green']"
capable,"['unable', 'stupid', 'green', 'weak']"
appropriate,['evil']
consistent,"['disagreeing', 'varying']"
steady,"['vulnerable', 'different', 'flexible', 'soft', 'moving', 'weak', 'broken']"
constant,"['temporary', 'interrupted', 'changing', 'varying', 'concluding', 'flagging', 'broken', 'different', 'ending', 'stopping']"
regular,"['unusual', 'special', 'extraordinary', 'changing', 'variable', 'different', 'rare']"
formal,"['informal', 'ordinary', 'relaxed', 'normal']"
academic,"['ordinary', 'plain', 'practical', 'simple']"
intellectual,"['stupid', 'body', 'physical', 'simple']"
mental,"['physical', 'body', 'balanced']"
spiritual,['physical']
divine,['ordinary']
holy,"['evil', 'uncertain', 'bad']"
pure,"['complicated', 'vague', 'mixed', 'uncertain', 'applied', 'false', 'complex', 'difficult', 'decorated', 'dark', 'dirty']"
real,"['hidden', 'uncertain', 'vague', 'spiritual', 'false', 'mental', 'flexible']"
actual,"['uncertain', 'spiritual', 'pretended', 'theoretical', 'mental', 'false', 'past']"
certain,"['uncertain', 'doubting']"
positive,"['uncertain', 'vague', 'negative', 'flexible', 'yielding']"
clear,"['mysterious', 'vague', 'guilty', 'uncertain', 'dark', 'blocked', 'closed', 'clouded', 'responsible']"
fair,"['biased', 'illegal', 'unfair', 'lying', 'mean', 'partial', 'decided', 'dark', 'ugly']"
civil,['foreign']
local,"['broad', 'liberal', 'foreign']"
urban,"['country', 'rural', 'suburban']"
downtown,"['country', 'minor', 'rural', 'suburban', 'secondary']"
central,"['minor', 'additional', 'extra', 'outer', 'secondary', 'outside', 'extreme']"
key,"['lesser', 'minor', 'additional', 'extra', 'secondary']"
leading,"['unknown', 'least', 'extra', 'minor', 'last', 'secondary', 'low', 'ordinary', 'final']"
top,"['lower', 'minor', 'least', 'lowest', 'secondary', 'poor', 'bad', 'below', 'low']"
primary,"['last', 'advanced', 'extra', 'minor', 'secondary', 'sophisticated']"
initial,"['following', 'last', 'closing', 'final']"
original,"['last', 'latest', 'borrowed', 'used', 'worn', 'newest', 'old']"
pioneer,"['following', 'last', 'later', 'secondary', 'late']"
head,"['extra', 'least', 'minor', 'last', 'lower', 'second', 'secondary', 'final']"
champion,"['lower', 'minor', 'least', 'extra', 'worst', 'bad', 'poor', 'secondary', 'poorest']"
super,"['ordinary', 'bad', 'poor']"
terrific,"['pleasant', 'pleasing', 'wonderful', 'tiny', 'little', 'minute', 'small', 'good', 'calm', 'moderate', 'bad', 'low', 'nasty', 'poor']"
extreme,"['least', 'lowest', 'calm', 'mild', 'moderate', 'low', 'limited', 'close', 'near']"
severe,"['kind', 'friendly', 'willing', 'compromising', 'calm', 'easy', 'mild']"
serious,"['minor', 'false', 'funny', 'happy', 'light']"
genuine,"['uncertain', 'false', 'affected']"
natural,"['extraordinary', 'unusual', 'changing', 'pretended', 'rare', 'foreign', 'particular', 'different', 'affected', 'artificial', 'fixed', 'modified']"
logical,"['unlikely', 'vague', 'stupid']"
necessary,"['voluntary', 'additional', 'extra', 'minor', 'secondary']"
fundamental,"['lesser', 'minor', 'least', 'learned', 'additional', 'advanced', 'extra', 'secondary']"
crucial,"['voluntary', 'minor', 'secondary']"
deciding,"['minor', 'secondary']"
chief,"['extra', 'minor', 'lower', 'secondary', 'bad', 'poor']"
star,"['lesser', 'minor', 'extra', 'unknown', 'secondary']"
celebrated,"['unknown', 'plain']"
important,"['voluntary', 'tiny', 'minor', 'unknown', 'little', 'short', 'small', 'weak', 'narrow', 'secondary']"
extensive,"['tiny', 'exclusive', 'restricted', 'limited', 'narrow', 'little', 'small', 'slight', 'short']"
comprehensive,"['restricted', 'specific', 'exclusive', 'empty', 'short', 'narrow', 'limited', 'partial', 'particular']"
full,"['lacking', 'wanting', 'hungry', 'empty']"
entire,"['part', 'partial', 'limited']"
open,"['restricted', 'locked', 'vague', 'lying', 'limited', 'closed', 'shut', 'blocked', 'certain', 'decided', 'sure']"
accessible,"['restricted', 'limited']"
available,"['unlikely', 'limited', 'occupied', 'impossible']"
possible,"['unlikely', 'impossible']"
potential,"['unlikely', 'lacking', 'impossible']"
likely,"['unlikely', 'impossible']"
reasonable,"['biased', 'unfair', 'unlikely', 'expensive', 'stupid', 'partial', 'assured', 'bold']"
cheap,"['expensive', 'excellent', 'valuable', 'costly', 'dear', 'precious', 'superior', 'sophisticated', 'upper']"
aggressive,['calm']
offensive,"['pleasant', 'pleasing', 'kind', 'welcome', 'moral', 'honest', 'defensive', 'nice', 'good', 'clean', 'defending', 'guarding']"
gross,"['net', 'moral', 'hidden', 'vague', 'little', 'slight', 'small', 'weak', 'thin', 'part', 'partial', 'clean', 'modified']"
big,"['tiny', 'adolescent', 'baby', 'little', 'minute', 'small', 'slight', 'thin', 'poor', 'infant', 'shy']"
fat,"['tiny', 'lean', 'small', 'thin', 'slight', 'little', 'soft', 'poor']"
large,"['tiny', 'minor', 'restricted', 'exclusive', 'little', 'minute', 'small', 'empty', 'narrow', 'poor', 'short', 'slight', 'limited']"
giant,"['tiny', 'minor', 'little', 'minute', 'small']"
vast,"['tiny', 'restricted', 'small', 'narrow', 'little', 'minute', 'limited', 'short', 'ending']"
broad,"['tiny', 'restricted', 'limited', 'narrow', 'quiet', 'little', 'small', 'thin', 'empty']"
generous,"['biased', 'stupid', 'wanting', 'mean', 'small']"
helpful,"['minor', 'hurting', 'cold', 'cool']"
useful,['bad']
effective,"['unable', 'weak']"
efficient,"['unable', 'fragile', 'delicate', 'weak']"
productive,"['hurting', 'weak']"
dynamic,"['boring', 'weak']"
influential,"['unknown', 'weak']"
famous,"['unknown', 'typical', 'usual', 'stupid', 'low', 'normal', 'ordinary', 'bad', 'poor', 'regular', 'weak', 'common', 'little', 'small']"
honored,"['unknown', 'shamed']"
understood,"['stated', 'explained', 'explicit', 'expressed', 'spoken', 'written']"
pat,['wrong']
happy,"['upset', 'disappointed', 'discouraged', 'pained', 'depressed', 'grave', 'sad', 'serious', 'unhappy', 'disturbed', 'troubled', 'down']"
delighted,"['bored', 'disappointed', 'pained', 'depressed', 'sad', 'unhappy', 'troubled']"
pleased,['unhappy']
content,"['upset', 'wanting', 'unhappy', 'depressed', 'disturbed']"
prepared,['unable']
able,"['unable', 'stupid', 'slow', 'delicate', 'weak']"
easy,"['complicated', 'vague', 'demanding', 'exhausting', 'trying', 'difficult', 'hard', 'complex', 'involved', 'impossible', 'strict', 'unhappy']"
simple,"['complicated', 'vague', 'exacting', 'older', 'aware', 'intelligent', 'difficult', 'hard', 'involved', 'complex', 'decorated', 'sophisticated', 'smart']"
plain,"['vague', 'complicated', 'hidden', 'extraordinary', 'attractive', 'beautiful', 'pretty', 'complex', 'difficult', 'decorated', 'formal']"
patent,"['moral', 'hidden', 'vague', 'part', 'partial', 'clean', 'dark', 'blocked', 'closed']"
rank,"['pleasing', 'pleasant', 'moral', 'clean', 'nice', 'good', 'fresh', 'sweet', 'rare']"
off,"['here', 'present', 'on']"
outside,"['central', 'interior', 'middle', 'internal', 'likely', 'inside', 'certain', 'good', 'sure']"
foreign,"['local', 'national', 'characteristic', 'known', 'relevant', 'native', 'familiar', 'regular']"
alien,"['usual', 'appropriate', 'familiar', 'normal', 'native', 'proper']"
unusual,"['typical', 'usual', 'like', 'similar', 'standard', 'expected', 'normal', 'ordinary', 'common', 'bad', 'poor', 'regular', 'conventional', 'familiar']"
unexpected,"['planned', 'designed', 'expected', 'slow']"
wonderful,"['usual', 'tiny', 'typical', 'common', 'familiar', 'ordinary', 'plain', 'little', 'small', 'bad', 'poor', 'normal', 'regular', 'unhappy', 'expected', 'dark', 'nasty']"
fine,"['stupid', 'usual', 'offensive', 'ugly', 'bad', 'ordinary', 'poor', 'regular', 'cheap', 'small', 'common', 'dark', 'rough', 'thick']"
elegant,"['old-fashioned', 'common', 'poor', 'plain', 'ugly', 'rough']"
grand,"['tiny', 'small', 'ordinary', 'common', 'poor', 'bad', 'modest', 'low']"
imposing,"['tiny', 'small', 'common', 'ugly', 'bad', 'poor', 'little', 'modest', 'ordinary']"
striking,"['boring', 'usual', 'common', 'ordinary', 'weak', 'normal', 'regular', 'bad', 'poor', 'ugly']"
powerful,"['unable', 'weak']"
commanding,"['modest', 'secondary', 'weak']"
dominating,['secondary']
running,"['occasional', 'broken']"
functional,['broken']
practical,"['excited', 'unlikely', 'impossible']"
rational,"['stupid', 'excited', 'ridiculous', 'confused']"
normal,"['unusual', 'extraordinary', 'different', 'rare', 'extreme', 'odd', 'strange']"
traditional,"['unusual', 'modern', 'extraordinary', 'different', 'new', 'rare', 'fresh']"
conventional,"['unusual', 'extraordinary', 'exotic', 'different', 'rare', 'foreign', 'strange', 'new', 'original', 'unique']"
current,"['old-fashioned', 'old', 'past']"
modern,"['old-fashioned', 'future', 'ancient', 'old', 'past']"
contemporary,"['future', 'old-fashioned', 'old', 'past', 'succeeding']"
new,"['old-fashioned', 'like', 'similar', 'standard', 'usual', 'future', 'worn', 'existing', 'old', 'normal', 'common', 'familiar', 'regular', 'past']"
late,"['prompt', 'old-fashioned', 'early', 'old', 'live']"
slow,"['complicated', 'hurried', 'rapid', 'intelligent', 'moving', 'complex', 'active', 'busy', 'fast', 'quick', 'ready', 'waiting', 'smart']"
quiet,"['complicated', 'loud', 'troubled', 'complex']"
soft,"['healthy', 'intelligent', 'rough', 'unhappy', 'stiff', 'difficult', 'hard', 'heavy', 'strong', 'harsh', 'loud', 'severe', 'strict', 'firm', 'well', 'smart']"
comfortable,"['upset', 'unhappy', 'troubled', 'uncomfortable', 'strict', 'cold', 'cool', 'hard', 'poor']"
satisfying,"['unhappy', 'troubling']"
rewarding,"['upsetting', 'troubling']"
valuable,"['cheap', 'reasonable']"
costly,"['helpful', 'cheap', 'reasonable', 'poor', 'aiding']"
dear,"['cool', 'common', 'cheap']"
pet,"['hated', 'common']"
beloved,['hated']
favorite,"['hated', 'public']"
recommended,['discouraged']
implied,"['explicit', 'stated', 'open', 'expressed']"
hidden,"['obvious', 'known', 'visible', 'exhibited', 'out', 'uncovered', 'open', 'public', 'apparent', 'clear', 'plain', 'disclosed', 'revealed', 'bright', 'bare', 'exposed', 'seen', 'showing']"
mysterious,"['known', 'obvious', 'evident', 'visible', 'usual', 'clear', 'plain', 'familiar', 'bright', 'apparent', 'normal', 'regular', 'public']"
puzzling,"['explicit', 'clear']"
surprising,"['usual', 'normal', 'ordinary', 'expected']"
amazing,"['bad', 'poor', 'ordinary']"
bad,"['lucky', 'pleasing', 'wonderful', 'OK', 'honest', 'superior', 'great', 'happy', 'sophisticated', 'good', 'right', 'just', 'true']"
poor,"['wealthy', 'adequate', 'sufficient', 'lucky', 'rich', 'full', 'superior', 'strong', 'great', 'happy']"
low,"['enormous', 'huge', 'large', 'increased', 'honest', 'moral', 'healthy', 'big', 'important', 'raised', 'above', 'high', 'tall', 'prominent', 'decent', 'rich', 'gay', 'happy', 'strong', 'well']"
small,"['wealthy', 'adequate', 'sufficient', 'large', 'huge', 'giant', 'useful', 'enormous', 'distinguished', 'excellent', 'famous', 'kind', 'rich', 'great', 'tall', 'thick', 'important', 'significant', 'substantial', 'big', 'fat', 'liberal', 'wide', 'generous', 'fine', 'giving']"
short,"['enduring', 'large', 'adequate', 'enough', 'sufficient', 'kind', 'long', 'high', 'tall', 'thick']"
brief,"['enormous', 'huge', 'large', 'kind', 'enduring', 'big', 'important', 'long']"
little,"['adequate', 'sufficient', 'large', 'huge', 'older', 'giant', 'enormous', 'massive', 'big', 'fat', 'long', 'tall', 'substantial', 'great', 'important', 'open']"
slight,"['large', 'useful', 'likely', 'important', 'major', 'significant', 'big', 'great', 'tall', 'thick']"
modest,"['complicated', 'brave', 'extraordinary', 'complex', 'assured', 'bold', 'proud']"
moderate,"['biased', 'unfair', 'excited', 'friendly', 'excessive', 'violent', 'wild', 'bright', 'harsh', 'loud', 'rough', 'strong', 'different', 'partial', 'extreme', 'considerable', 'liberal', 'significant']"
conservative,"['progressive', 'weak', 'liberal', 'radical']"
right,"['evil', 'illegal', 'unfair', 'false', 'wrong', 'mad', 'left']"
legal,"['illegal', 'wrong']"
constitutional,"['learned', 'contracted']"
essential,"['voluntary', 'extra', 'minor', 'secondary']"
vital,"['voluntary', 'additional', 'extra', 'minor', 'secondary', 'dead']"
critical,['praising']
cutting,"['kind', 'stupid', 'pleasant', 'nice', 'gentle', 'weak', 'mild', 'calm', 'sweet']"
raw,"['healthy', 'experienced', 'moral', 'pleasant', 'smooth', 'nice', 'sophisticated', 'gentle', 'cooked', 'done', 'healed', 'clean', 'good', 'warm']"
organic,"['extra', 'minor', 'secondary']"
living,"['asleep', 'dead']"
breathing,['dead']
dead,"['living', 'existing', 'interested', 'working', 'continuing', 'enduring', 'alive', 'being', 'live', 'active', 'warm']"
buried,"['exposed', 'open', 'bare']"
covered,"['uncovered', 'open', 'bare', 'exposed', 'revealed', 'empty']"
finished,"['held', 'stored', 'kept', 'saved']"
smooth,"['complicated', 'demanding', 'excited', 'extraordinary', 'changing', 'variable', 'vertical', 'raised', 'rough', 'troubled', 'violent', 'wild', 'harsh', 'loud', 'sharp', 'strong', 'difficult', 'hard', 'complex', 'strict', 'broken', 'disturbed', 'different', 'wrinkled']"
gentle,"['cruel', 'excited', 'healthy', 'unhappy', 'mean', 'hard', 'harsh', 'loud', 'violent', 'wild', 'severe', 'rough', 'troubled', 'sharp', 'strong', 'low']"
tender,"['experienced', 'older', 'healthy', 'OK', 'hard', 'rough', 'tough']"
delicate,"['horrible', 'healthy', 'ordinary', 'rough', 'violent', 'harsh', 'loud', 'strong', 'firm', 'tough', 'ugly', 'hard', 'heavy']"
rare,"['sufficient', 'standard', 'usual', 'frequent', 'typical', 'common', 'familiar', 'normal', 'regular', 'ordinary', 'cheap']"
occasional,"['frequent', 'usual', 'common', 'regular', 'ordinary', 'constant', 'steady']"
random,"['planned', 'specific', 'essential', 'particular']"
odd,"['like', 'similar']"
casual,"['planned', 'formal', 'serious']"
marked,"['vague', 'ordinary']"
decided,"['vague', 'uncertain', 'delaying']"
determined,"['weak', 'yielding', 'flexible', 'soft', 'hesitating']"
dogged,"['weak', 'yielding', 'flexible', 'soft']"
yielding,"['hard', 'solid']"
resigned,"['excited', 'rough', 'troubled', 'violent', 'wild', 'loud']"
ready,"['bare', 'slow']"
qualified,"['unable', 'open']"
talented,"['unable', 'stupid']"
brilliant,"['typical', 'stupid', 'dark', 'normal']"
bright,"['stupid', 'horrible', 'threatening', 'typical', 'pale', 'dark', 'black', 'depressed', 'unhappy', 'normal']"
golden,"['typical', 'stupid', 'dark', 'normal', 'ugly']"
rich,"['failing', 'lacking', 'wanting', 'poor', 'low', 'weak', 'serious']"
wealthy,"['failing', 'lacking', 'wanting', 'poor']"
independent,['dependent']
separate,"['connected', 'united', 'combined', 'joined', 'mixed', 'together', 'associated']"
free,"['expensive', 'priced', 'bound', 'prevented', 'scheduled', 'costly', 'limited', 'barred', 'busy', 'occupied', 'mean']"
expensive,"['reasonable', 'cheap', 'moderate']"
high,"['tiny', 'upset', 'little', 'minute', 'small', 'short', 'ground', 'low', 'mean', 'depressed', 'down', 'soft', 'weak']"
long,"['little', 'short', 'small', 'weak', 'soft', 'low']"
deep,"['restricted', 'pale', 'narrow', 'shallow', 'open', 'light', 'quiet', 'soft']"
wide,"['restricted', 'tiny', 'empty', 'narrow', 'small', 'little', 'limited', 'straight']"
loose,"['combined', 'connected', 'joined', 'united', 'restricted', 'moral', 'hard', 'strict', 'tight', 'stiff', 'attached', 'precise', 'clean', 'decent']"
prominent,"['invisible', 'sunken', 'unknown', 'depressed', 'common', 'ordinary']"
extended,"['contracted', 'cut', 'reduced', 'narrow']"
unfolded,"['wind', 'hide', 'wrap', 'block', 'twist', 'contract', 'lower', 'shrink', 'hold', 'keep', 'maintain', 'cover', 'close', 'fold', 'check', 'stop']"
lower,"['increased', 'higher', 'major', 'important', 'superior']"
junior,"['elder', 'older', 'senior', 'important', 'superior']"
second,"['important', 'superior']"
double,['single']
twin,"['unlike', 'individual', 'single', 'different', 'separate']"
like,"['unlike', 'far', 'changing', 'variable', 'different', 'away']"
comparable,"['unlike', 'different']"
equivalent,"['opposite', 'unlike', 'different']"
even,"['varying', 'interrupted', 'changing', 'unfair', 'unlike', 'variable', 'vertical', 'biased', 'broken', 'rough', 'different', 'troubled', 'partial']"
alike,"['unlike', 'diverse', 'opposite', 'different', 'distinct']"
similar,"['unlike', 'alien', 'opposite', 'different']"
related,"['alien', 'unlike', 'different', 'separate', 'foreign']"
joined,"['separated', 'apart']"
married,"['separated', 'single']"
united,"['divided', 'separated', 'separate']"
cooperative,"['divided', 'separate', 'hurting', 'preventing']"
collective,"['divided', 'separate']"
mutual,"['distinct', 'separate']"
consecutive,"['interrupted', 'broken']"
after,['before']
later,"['earlier', 'before']"
next,"['earlier', 'previous']"
close,"['far', 'distant', 'remote', 'away', 'beyond', 'loose', 'open', 'cool', 'dry', 'generous', 'giving']"
neighboring,"['far', 'separate', 'away']"
nearby,['far']
immediate,"['later', 'far', 'eventually', 'away', 'distant']"
prompt,"['later', 'delayed', 'slow', 'late']"
rapid,"['delayed', 'slow']"
fast,"['boring', 'moral', 'slow', 'flexible', 'loose', 'good']"
hot,"['freezing', 'old-fashioned', 'out', 'dry', 'cold', 'cool', 'mild', 'moderate', 'calm', 'old']"
tropical,"['freezing', 'cold', 'cool']"
freezing,"['tropical', 'friendly', 'pleasant', 'kind', 'hot', 'warm', 'good', 'nice', 'boiling', 'heated']"
chill,"['friendly', 'kind', 'heated', 'hot', 'warm', 'slow']"
cool,"['excited', 'upset', 'friendly', 'kind', 'hot', 'warm', 'approving', 'poor', 'square']"
excited,"['bored', 'composed', 'calm']"
eager,['satisfied']
ambitious,"['content', 'satisfied', 'easy']"
driving,['weak']
sweeping,"['restricted', 'specific', 'exclusive', 'narrow', 'partial']"
radical,"['minor', 'conservative', 'secondary', 'moderate']"
profound,"['stupid', 'open', 'light', 'shallow', 'slight', 'mild', 'moderate']"
philosophical,"['stupid', 'objective', 'real', 'concrete', 'material', 'physical']"
abstract,"['real', 'objective', 'simple', 'actual', 'concrete', 'material', 'physical']"
complex,"['evident', 'obvious', 'simple', 'single', 'uniform', 'clear', 'easy', 'plain', 'apparent', 'direct']"
complicated,"['easy', 'nice', 'simple', 'plain']"
sophisticated,"['encouraged', 'excited', 'easy', 'simple', 'slow']"
knowing,"['stupid', 'kind', 'poor', 'slow']"
intelligent,"['stupid', 'typical', 'worn', 'dark', 'normal', 'old']"
creative,['old']
gifted,"['stupid', 'unable']"
accomplished,['unable']
skilled,['unable']
expert,"['stupid', 'green']"
trained,"['unable', 'raw']"
unable,"['capable', 'sufficient', 'adequate', 'talented', 'strong', 'able', 'fit', 'qualified']"
sufficient,"['lacking', 'wanting', 'poor']"
acceptable,"['disturbing', 'poor', 'bad']"
decent,['poor']
honest,"['biased', 'unfair', 'lying', 'false', 'partial']"
reliable,"['evil', 'vulnerable', 'uncertain', 'bad', 'soft', 'broken', 'weak', 'false']"
safe,"['vulnerable', 'dangerous', 'risky', 'exposed']"
protected,"['vulnerable', 'exposed', 'weak']"
guaranteed,['uncertain']
assured,"['uncertain', 'vague', 'feared', 'doubting', 'nervous', 'doubted', 'confused']"
established,"['temporary', 'false']"
set,"['variable', 'flexible', 'weak', 'yielding', 'moving', 'soft']"
bent,['straight']
curved,['straight']
twisted,"['even', 'straight', 'clear', 'simple']"
straight,"['unfair', 'changing', 'varying', 'level', 'curved', 'disordered', 'mixed', 'broken', 'twisted', 'different']"
vertical,['level']
steep,"['kind', 'calm', 'nice', 'low', 'lowered', 'gentle', 'mild', 'moderate', 'cheap']"
sheer,"['uncertain', 'moderate', 'slow', 'heavy', 'thick']"
complete,"['lacking', 'missing', 'wanting', 'short']"
all,"['none', 'zero']"
total,"['specific', 'restricted', 'uncertain', 'limited', 'broken', 'part', 'partial']"
overall,"['specific', 'narrow']"
global,"['local', 'specific', 'individual', 'particular', 'limited']"
international,"['local', 'national']"
universal,"['restricted', 'specific', 'exclusive', 'individual', 'extraordinary', 'unusual', 'local', 'rare', 'limited', 'narrow', 'particular', 'partial']"
common,"['unusual', 'extraordinary', 'valuable', 'excellent', 'rare', 'different', 'original', 'high', 'sophisticated', 'superior']"
accepted,"['unusual', 'different']"
approved,"['refused', 'uncertain']"
sanctioned,['refused']
permitted,"['prohibited', 'refused', 'denied']"
licensed,['refused']
refused,"['permitted', 'allowed']"
forbidden,"['approved', 'authorized', 'permitted', 'sanctioned', 'allowed']"
illegal,"['ethical', 'legal', 'authorized', 'permitted', 'legitimate', 'moral', 'good', 'right', 'blessed', 'allowed']"
prohibited,"['legal', 'legitimate', 'moral', 'permitted', 'good', 'right', 'allowed']"
restricted,['free']
closed,"['running', 'working', 'continuing', 'started', 'welcoming', 'open', 'beginning', 'starting']"
sealed,['open']
fixed,"['variable', 'flexible', 'loose', 'soft', 'moving', 'broken']"
absorbed,"['bored', 'existing', 'distracted']"
engaged,['available']
devoted,['false']
bound,"['permitted', 'allowed', 'free']"
forced,['voluntary']
required,['voluntary']
deserved,['excessive']
fit,"['stupid', 'unable', 'wrong', 'poor', 'weak']"
becoming,['ugly']
welcome,['bad']
pleasing,"['horrible', 'boring', 'tiring', 'unhappy', 'bitter', 'mean', 'ugly', 'bad', 'offensive', 'nasty']"
favorable,"['bad', 'hurting']"
kind,"['cruel', 'cold', 'cool', 'mean', 'hard', 'harsh', 'rough', 'severe', 'nasty', 'violent', 'bad', 'bitter']"
friendly,"['hostile', 'cold', 'cool', 'hurting', 'bad', 'mean', 'distant', 'reserved', 'loose']"
familiar,"['unusual', 'extraordinary', 'industrial', 'alien', 'unknown', 'different', 'business', 'foreign', 'original', 'new', 'strange', 'cold', 'cool', 'distant', 'reserved']"
usual,"['unusual', 'occasional', 'foreign', 'strange', 'different', 'new', 'original', 'rare']"
routine,"['unusual', 'variable', 'extraordinary', 'special', 'breaking', 'strange', 'different', 'original']"
ordinary,"['unusual', 'unknown', 'specific', 'extraordinary', 'distinctive', 'remarkable', 'special', 'different', 'original', 'particular']"
typical,"['unusual', 'extraordinary', 'rare', 'different']"
classic,"['unusual', 'different']"
representative,['different']
model,"['unusual', 'different']"
classical,"['complicated', 'modern']"
standard,"['unusual', 'extraordinary', 'rare', 'different']"
basic,"['minor', 'extra', 'additional', 'secondary', 'outside']"
underlying,['secondary']
bottom,"['highest', 'top', 'secondary']"
last,"['middle', 'front', 'initial', 'oldest', 'primary', 'moderate', 'beginning', 'opening', 'first', 'starting']"
distant,"['nearby', 'neighboring', 'friendly', 'kind', 'public', 'close', 'near', 'warm']"
isolated,"['included', 'open', 'close', 'incorporated', 'public']"
lonely,"['loved', 'close', 'frequented']"
deserted,"['used', 'pleased', 'filled', 'productive', 'crowded', 'happy', 'full', 'busy']"
empty,"['aware', 'filled', 'sufficient', 'entire', 'satisfied', 'productive', 'full', 'occupied', 'busy', 'complete', 'effective']"
dry,"['wet', 'soaked', 'exciting', 'interesting', 'full']"
bare,"['private', 'secret', 'covered', 'full', 'decorated']"
naked,"['hidden', 'covered', 'decorated', 'strong', 'private', 'secret']"
exposed,"['hidden', 'vague', 'guarded', 'protected', 'closed', 'blocked', 'private', 'secret', 'safe', 'sheltered']"
discovered,"['hidden', 'lost']"
invented,"['real', 'true', 'genuine']"
assumed,"['real', 'unexpected', 'genuine', 'true', 'natural']"
affected,"['collected', 'OK', 'healthy', 'calm', 'happy', 'hard', 'kept']"
damaged,"['healthy', 'OK', 'repaired', 'working', 'fixed', 'perfect']"
gone,"['sufficient', 'stored', 'existing', 'living', 'current', 'working', 'saved', 'found', 'present', 'alive', 'around']"
retired,"['employed', 'working', 'active']"
elderly,"['young', 'new', 'youth']"
aged,"['modern', 'young', 'new', 'recent', 'fresh']"
neutral,"['biased', 'interested', 'excited', 'concerned', 'involved', 'decided', 'partial', 'bright', 'loud', 'strong']"
calm,"['excited', 'nervous', 'fierce', 'angry', 'worried', 'rough', 'harsh', 'violent', 'wild', 'mad']"
mild,"['healthy', 'excited', 'upset', 'fierce', 'nervous', 'cold', 'hot', 'harsh', 'rough', 'strong', 'violent', 'severe', 'firm', 'loud', 'wild', 'hard']"
peaceful,"['excited', 'broken', 'rough', 'loud', 'violent', 'wild', 'disturbed']"
collected,"['excited', 'upset', 'worried']"
possessed,['normal']
violent,"['kind', 'pleasant', 'peaceful', 'calm', 'nice', 'weak', 'gentle', 'controlled', 'mild', 'moderate']"
brutal,"['kind', 'friendly', 'calm', 'nice', 'sophisticated', 'easy', 'gentle', 'mild', 'smooth', 'giving', 'tender', 'generous']"
rough,"['ordered', 'level', 'flat', 'smooth', 'calm', 'gentle', 'mild', 'nice', 'sophisticated', 'easy', 'soft', 'neat', 'even', 'regular', 'moderate', 'accurate', 'complete', 'precise']"
broken,"['connected', 'OK', 'continuous', 'satisfied', 'working', 'flowing', 'perfect', 'complete', 'fixed', 'whole', 'happy', 'kept']"
cracked,"['OK', 'working', 'fixed']"
OK,"['unusual', 'extraordinary', 'bad', 'extreme']"
okay,"['refused', 'bad', 'dark', 'wrong']"
correct,"['biased', 'false', 'wrong']"
strict,"['kind', 'uncertain', 'flexible', 'gentle', 'nice', 'easy', 'mild', 'soft', 'yielding']"
exacting,"['loose', 'easy', 'flexible', 'mild', 'soft', 'yielding', 'giving', 'lending']"
careful,"['false', 'loose']"
accurate,"['uncertain', 'vague', 'mistaken', 'general', 'false', 'wrong']"
scientific,['artistic']
objective,"['biased', 'interested', 'excited', 'friendly', 'unfair', 'involved', 'partial', 'hot', 'warm']"
cold,"['pleasant', 'friendly', 'kind', 'stupid', 'eager', 'excited', 'interested', 'hot', 'warm', 'heated', 'good', 'mild', 'nice']"
frozen,"['hot', 'warm', 'boiled', 'heated', 'continued', 'moving']"
boiled,['freeze']
heated,"['kind', 'content', 'peaceful', 'calm', 'cool', 'cold', 'happy', 'mild', 'moderate', 'gentle', 'cooled', 'frozen']"
fierce,"['kind', 'pleasant', 'peaceful', 'calm', 'nice', 'cold', 'cool', 'happy', 'gentle', 'mild', 'weak', 'quiet', 'good', 'moderate', 'tender']"
raging,"['delighted', 'calm', 'mild', 'moderate', 'happy']"
angry,"['pleased', 'peaceful', 'collected', 'content', 'happy', 'nice', 'calm', 'cool', 'mild']"
cross,"['pleasant', 'happy']"
nice,"['horrible', 'disordered', 'cool', 'bad', 'mean', 'ugly', 'nasty']"
swell,"['stupid', 'horrible', 'bad', 'poor']"
excellent,"['unknown', 'unable', 'failing', 'poor', 'bad', 'common', 'ordinary', 'regular', 'ugly']"
attractive,"['boring', 'offensive', 'ugly']"
lovely,"['horrible', 'awful', 'poor', 'ordinary', 'ugly', 'unhappy']"
engaging,"['boring', 'mean', 'ugly']"
inviting,"['boring', 'ugly']"
entrancing,['boring']
present,"['old-fashioned', 'former', 'future', 'far', 'late', 'old', 'past', 'previous', 'away', 'distant']"
scheduled,"['unfair', 'ugly']"
coming,"['gone', 'far', 'distant', 'past', 'away']"
subsequent,"['earlier', 'former', 'prior', 'previous']"
following,"['front', 'leading', 'first']"
latter,"['initial', 'earliest', 'former', 'beginning', 'first', 'starting', 'opening']"
recent,"['old-fashioned', 'earlier', 'future', 'old', 'past']"
novel,"['like', 'similar', 'standard', 'usual', 'future', 'used', 'worn', 'normal', 'common', 'familiar', 'regular', 'old', 'past', 'ordinary']"
strange,"['standard', 'usual', 'typical', 'like', 'similar', 'common', 'normal', 'familiar', 'regular', 'ordinary', 'conventional', 'bad', 'poor', 'expected', 'native']"
funny,"['logical', 'wise', 'boring', 'tiring', 'dramatic', 'tragic', 'standard', 'usual', 'reasonable', 'serious', 'sad', 'unhappy', 'common', 'normal']"
entertaining,"['boring', 'dramatic', 'tragic', 'tiring', 'sad', 'serious', 'unhappy', 'bad']"
inspiring,['boring']
moving,"['permanent', 'fixed']"
meaningful,"['minor', 'little', 'small']"
valid,"['unlikely', 'evil', 'illegal', 'false', 'wrong']"
binding,['secondary']
tied,"['unlike', 'different']"
unlike,"['alike', 'like', 'related', 'similar', 'same']"
diverse,"['like', 'similar', 'alike', 'identical', 'same', 'uniform']"
varied,"['like', 'similar', 'same', 'uniform']"
various,"['alike', 'like', 'resembling', 'similar', 'united', 'combined', 'connected', 'joined', 'individual', 'same', 'uniform']"
individual,"['usual', 'combined', 'mixed', 'together', 'united', 'normal', 'ordinary', 'general', 'common']"
personal,"['usual', 'public', 'common', 'ordinary', 'general']"
secret,"['honest', 'known', 'obvious', 'visible', 'explicit', 'legal', 'legitimate', 'open', 'public', 'revealed', 'apparent', 'light', 'clear', 'defined']"
classified,"['open', 'public', 'revealed']"
private,"['known', 'common', 'public', 'ordinary', 'open', 'revealed']"
special,"['OK', 'minor', 'uncertain', 'like', 'similar', 'standard', 'usual', 'worst', 'least', 'secondary', 'common', 'general', 'ordinary', 'conventional', 'normal', 'regular', 'familiar']"
extraordinary,"['usual', 'typical', 'like', 'similar', 'standard', 'common', 'conventional', 'familiar', 'ordinary', 'plain', 'bad', 'poor', 'normal', 'average', 'regular', 'expected', 'general']"
unprecedented,"['standard', 'usual', 'known', 'common', 'familiar', 'normal', 'regular', 'ordinary', 'bad', 'poor']"
unique,"['usual', 'like', 'similar', 'standard', 'normal', 'common', 'regular', 'ordinary']"
one,"['combined', 'together', 'mixed', 'united', 'usual', 'normal', 'ordinary', 'general', 'common', 'none']"
single,"['together', 'usual', 'combined', 'double', 'mixed', 'united', 'married', 'public', 'general', 'common', 'ordinary', 'attached']"
separated,"['connected', 'together', 'united', 'attached', 'whole']"
removed,"['established', 'ignored', 'left']"
withdrawn,"['confident', 'friendly', 'known', 'visible', 'bold', 'seen']"
retiring,"['friendly', 'bold']"
shrinking,['bold']
withdrawing,"['combine', 'unite', 'remain', 'permit', 'come', 'stay', 'continue', 'enter', 'begin', 'join', 'engage', 'keep', 'arrive', 'face', 'meet', 'advance', 'allow']"
meet,['unfair']
just,"['unfair', 'partial', 'wrong']"
due,"['settled', 'paid']"
owed,"['settled', 'paid']"
owing,"['young', 'settled', 'green', 'paid', 'resolved']"
young,"['experienced', 'healthy', 'adult', 'older', 'old', 'sophisticated']"
adolescent,"['adult', 'infant']"
growing,"['failing', 'dying', 'shrinking', 'dead']"
thriving,"['failing', 'poor', 'declining', 'losing']"
booming,"['failing', 'losing']"
successful,"['poor', 'bad', 'sad', 'unhappy', 'losing']"
lucky,['bad']
blessed,"['condemned', 'damned', 'unhappy']"
saved,"['spent', 'ruined', 'wasted']"
built,"['flat', 'weak']"
done,"['saved', 'rare', 'raw', 'denied']"
hanged,"['straighten', 'release', 'abandon', 'forget', 'remove', 'do', 'separate', 'rise']"
lean,"['fat', 'thick', 'heavy', 'strong', 'fresh']"
worn,"['current', 'rested', 'restored', 'intact', 'protected', 'fresh', 'new', 'saved']"
tired,"['rested', 'fresh', 'saved', 'active']"
fatigued,['fresh']
fresh,"['standard', 'old-fashioned', 'experienced', 'tired', 'used', 'worn', 'kind', 'normal', 'warm', 'old', 'exhausted', 'gentle']"
old-fashioned,"['modern', 'current', 'young', 'new', 'recent', 'fresh', 'present', 'contemporary']"
old,"['young', 'current', 'modern', 'new', 'green', 'fresh', 'contemporary', 'late', 'recent']"
ancient,"['modern', 'current', 'young', 'new', 'fresh']"
early,"['future', 'worn', 'later', 'old', 'late']"
previous,"['current', 'future', 'later', 'present']"
past,"['after', 'later', 'current', 'future', 'present']"
prior,"['later', 'subsequent', 'after', 'following', 'current', 'future', 'present']"
former,"['after', 'modern', 'current', 'following', 'future', 'subsequent', 'new', 'present', 'succeeding']"
first,"['following', 'minor', 'additional', 'extra', 'last', 'least', 'secondary', 'final', 'ending']"
least,"['huge', 'large', 'most', 'big', 'substantial']"
minimum,"['largest', 'maximum', 'most']"
minimal,"['maximum', 'most', 'secondary']"
base,"['wealthy', 'kind', 'pleasing', 'moral', 'honest', 'rich', 'superior', 'good', 'nice', 'clean', 'pure', 'just', 'high']"
mean,"['kind', 'generous', 'nice', 'extreme']"
evil,"['pleasant', 'pleasing', 'wonderful', 'assisting', 'helpful', 'friendly', 'kind', 'lovely', 'attractive', 'beautiful', 'honest', 'moral', 'good', 'aiding', 'nice', 'gentle', 'right', 'decent']"
wrong,"['honest', 'valid', 'OK', 'moral', 'acceptable', 'appropriate', 'suitable', 'true', 'accurate', 'correct', 'precise', 'right', 'just', 'sound', 'good', 'decent']"
mistaken,"['valid', 'honest', 'correct', 'right', 'true', 'accurate', 'exact', 'fair', 'just', 'precise', 'sound']"
fooled,['clear']
false,"['real', 'honest', 'moral', 'valid', 'known', 'reliable', 'genuine', 'true', 'correct', 'fair', 'right', 'sound', 'open', 'proven', 'accurate', 'actual', 'precise', 'just', 'straight']"
lying,"['honest', 'direct']"
inventing,"['destroy', 'result', 'ignore', 'ruin', 'end', 'finish', 'lose', 'miss', 'fail', 'forget', 'hurt', 'stop', 'steal']"
hurt,"['healthy', 'OK', 'pleased', 'perfect', 'happy', 'comforted', 'cured', 'healed', 'well']"
sad,"['pleasant', 'glad', 'lucky', 'happy', 'nice', 'good', 'great']"
sorry,"['glad', 'happy', 'good', 'nice']"
touched,"['OK', 'well']"
faded,"['intelligent', 'fresh', 'good', 'nice', 'new', 'bright', 'clear', 'light', 'smart', 'colorful', 'active', 'colored', 'strengthened']"
wasted,"['fat', 'full']"
drunk,['straight']
burning,"['cold', 'cool']"
flaming,"['pleased', 'happy']"
intense,"['stupid', 'pale', 'peaceful', 'kind', 'slow', 'weak', 'moderate', 'shallow', 'mild', 'soft', 'gentle', 'calm', 'nice', 'low']"
concentrated,"['weak', 'loose', 'thin', 'free']"
stuffed,['empty']
loaded,['empty']
taxed,['fresh']
strained,"['comfortable', 'easy', 'calm', 'loose', 'relaxed', 'genuine']"
labored,"['easy', 'natural', 'relaxed']"
studied,['natural']
considered,['forgotten']
secure,"['uncertain', 'loose', 'moving']"
sheltered,['exposed']
screened,"['friendly', 'open', 'seen']"
abandoned,"['defended', 'moral', 'adopted', 'maintained', 'supported', 'innocent', 'pure']"
forgotten,"['existing', 'remembered', 'recalled']"
lost,"['successful', 'winning', 'existing', 'living', 'aware', 'seen', 'accomplishing', 'found', 'alive']"
invisible,"['obvious', 'visible', 'seen']"
obvious,"['vague', 'invisible', 'hidden', 'uncertain', 'unknown', 'secret', 'dark']"
evident,"['uncertain', 'vague', 'hidden', 'unknown', 'secret']"
visible,"['hidden', 'uncertain', 'unknown', 'vague', 'invisible', 'secret']"
signal,"['vague', 'ordinary', 'common']"
characteristic,"['usual', 'similar', 'standard', 'unusual', 'ordinary', 'common', 'general', 'public', 'foreign']"
distinctive,"['usual', 'resembling', 'similar', 'standard', 'normal', 'ordinary', 'regular', 'common', 'same']"
weird,"['usual', 'boring', 'pleasant', 'pleasing', 'standard', 'real', 'known', 'common', 'familiar', 'normal', 'ordinary', 'natural', 'good', 'plain', 'regular', 'genuine']"
known,"['unknown', 'hidden', 'vague']"
authorized,['illegal']
legitimate,"['illegal', 'false', 'affected']"
sound,"['vulnerable', 'damaged', 'refused', 'rejected', 'weak', 'soft', 'broken', 'part', 'wrong', 'sick', 'partial']"
stable,"['vulnerable', 'temporary', 'changing', 'loose', 'soft', 'broken', 'weak', 'different', 'flexible']"
permanent,"['temporary', 'changing']"
temporary,"['enduring', 'permanent', 'long']"
summary,"['large', 'long']"
acting,['permanent']
passing,"['large', 'enduring', 'permanent', 'long', 'tall', 'thick']"
shallow,"['aware', 'considered', 'intelligent', 'raised', 'full', 'important', 'significant', 'deep']"
flat,"['rounded', 'rough', 'broken', 'raised', 'sharp']"
plane,"['extraordinary', 'changing', 'vertical', 'broken', 'different', 'rough']"
uniform,"['unfair', 'changing', 'variable', 'varying', 'unusual', 'varied', 'unlike', 'flexible', 'yielding', 'soft', 'broken', 'different', 'rough']"
neat,"['stupid', 'false', 'dirty', 'rough']"
trim,"['stupid', 'dirty', 'rough', 'fat']"
clean,"['complicated', 'aware', 'uncertain', 'dirty', 'soiled', 'dark']"
blank,"['filled', 'aware', 'excited', 'understanding', 'full', 'dirty', 'occupied']"
white,"['biased', 'strong', 'partial', 'dark', 'black', 'dirty']"
silver,"['black', 'dark']"
pale,"['healthy', 'intelligent', 'strong', 'happy', 'bright', 'clear', 'distinct', 'light', 'smart', 'colored', 'heavy', 'dark', 'colorful']"
sick,"['healthy', 'moral', 'content', 'pleased', 'satisfied', 'well', 'sound', 'strong', 'perfect', 'clean', 'gentle', 'nice', 'happy']"
disordered,"['organized', 'ordered', 'connected', 'clear', 'neat', 'arranged', 'trim']"
moved,"['kept', 'remaining', 'resident']"
transferred,"['fixed', 'stationed']"
trucked,"['deny', 'refuse', 'hold', 'keep']"
stock,"['extra', 'unusual', 'extraordinary', 'secondary', 'different', 'rare', 'original']"
stereotyped,"['unlike', 'active', 'fresh', 'different']"
active,"['fixed', 'quiet']"
progressive,"['conservative', 'moderate']"
fighting,"['kind', 'peaceful', 'nice']"
hostile,"['friendly', 'kind', 'helpful', 'pleasant', 'wonderful', 'welcoming', 'helping', 'nice', 'aiding', 'favorable', 'good', 'hot', 'warm', 'gentle']"
opposed,"['friendly', 'kind']"
counter,"['similar', 'agreeing', 'equal', 'same']"
same,"['unlike', 'changing', 'variable', 'different']"
express,"['uncertain', 'vague', 'usual', 'general', 'common', 'ordinary', 'normal', 'slow']"
explicit,"['vague', 'uncertain', 'false', 'wrong', 'confused']"
absolute,"['uncertain', 'restricted', 'qualified', 'limited', 'part', 'partial', 'yielding', 'dependent']"
partial,"['entire', 'total', 'complete', 'whole', 'fair', 'just']"
halfway,"['biased', 'extraordinary', 'unusual', 'extreme', 'outside', 'partial', 'end']"
medium,"['unusual', 'biased', 'extraordinary', 'rare', 'partial', 'different', 'extreme']"
middle,"['outer', 'extreme', 'outside', 'border']"
center,"['external', 'outer', 'bordering', 'outside', 'extreme', 'edging']"
inside,"['external', 'outer', 'known', 'outside', 'public']"
inner,"['external', 'outer', 'outside', 'physical']"
inherent,"['learned', 'extra', 'minor', 'added', 'external', 'acquired', 'secondary']"
internal,"['external', 'outer']"
domestic,"['industrial', 'alien', 'business', 'office', 'foreign']"
home,"['outside', 'foreign', 'business', 'commercial']"
household,"['special', 'industrial', 'different', 'business', 'commercial']"
everyday,"['extraordinary', 'unusual', 'special', 'unexpected', 'rare', 'different']"
frequent,"['unusual', 'interrupted', 'permanent', 'occasional', 'ending', 'broken', 'ceasing', 'rare']"
numerous,"['tiny', 'similar', 'few', 'lacking', 'little', 'small', 'uniform']"
several,"['individual', 'one', 'none']"
considerable,"['tiny', 'stupid', 'minor', 'little', 'minute', 'small', 'short', 'poor', 'slight']"
substantial,"['tiny', 'minor', 'spiritual', 'soft', 'broken', 'slight', 'small', 'weak', 'little', 'mental', 'poor']"
massive,"['tiny', 'minor', 'little', 'slight', 'small', 'minute', 'common', 'poor', 'short', 'weak', 'limited', 'narrow']"
towering,"['tiny', 'minor', 'common', 'modest', 'ordinary', 'poor', 'small', 'little', 'low', 'short']"
soaring,['ground']
flying,"['slow', 'ground', 'grounded']"
floating,"['heavy', 'sunk']"
light,"['unhappy', 'dark', 'black', 'heavy', 'difficult', 'grave', 'serious']"
shining,['dark']
distinguished,"['unknown', 'typical', 'stupid', 'standard', 'ordinary', 'normal', 'common']"
well-known,"['unknown', 'ordinary']"
popular,"['old-fashioned', 'unknown', 'unusual', 'different']"
suitable,['stupid']
stupid,"['intelligent', 'wise', 'careful', 'smart', 'reasonable', 'bright', 'sharp', 'serious', 'responsible']"
dumb,"['intelligent', 'speaking', 'bright', 'sharp', 'smart']"
silent,['explicit']
shy,"['confident', 'brave', 'eager', 'willing', 'adequate', 'enough', 'sufficient', 'forward', 'bold', 'aggressive', 'calm', 'proud', 'bent']"
suspicious,"['believing', 'confident', 'convinced', 'trusting', 'certain', 'sure', 'innocent']"
suspect,"['known', 'trusted', 'innocent']"
unlikely,"['usual', 'possible', 'likely', 'common', 'regular', 'reasonable', 'probably']"
trusted,"['cool', 'false']"
believing,"['doubting', 'uncertain']"
assuming,['doubting']
forward,"['later', 'last', 'past', 'reversing', 'back', 'reserved', 'shy']"
back,"['front', 'future', 'first', 'beginning']"
final,"['continuing', 'temporary', 'beginning', 'first', 'opening', 'starting']"
ultimate,"['least', 'lowest', 'worst', 'extra', 'beginning', 'first', 'opening', 'secondary']"
furthest,"['closest', 'nearest']"
remotest,"['known', 'loved', 'nearby', 'related', 'relevant', 'likely', 'possible', 'friendly', 'open', 'public', 'close', 'near', 'gentle', 'warm']"
wild,"['kind', 'nice', 'sophisticated', 'controlled', 'delicate', 'gentle', 'behaved', 'calm', 'mild', 'moderate']"
desert,['productive']
native,"['minor', 'alien', 'secondary', 'foreign', 'outside']"
indigenous,"['alien', 'foreign']"
genetic,['acquired']
historical,"['modern', 'false']"
acquired,['lost']
received,"['delivered', 'given']"
gathered,"['separated', 'scattered']"
vague,"['explicit', 'determined', 'obvious', 'clear', 'certain', 'secure', 'sure', 'plain', 'distinct', 'apparent']"
apparent,"['unlikely', 'hidden', 'real', 'uncertain']"
supposed,['real']
alleged,"['certain', 'sure']"
pretended,"['real', 'genuine', 'original', 'true', 'exposed', 'open', 'revealed', 'bare']"
artificial,"['real', 'genuine', 'natural']"
plastic,"['hard', 'stiff']"
bending,['straight']
curving,['straight']
winding,"['straight', 'direct', 'simple']"
direct,"['vague', 'changing', 'interrupted', 'varying', 'decorated']"
changing,"['stable', 'certain', 'sure', 'steady', 'fixed']"
mobile,"['settled', 'stable', 'solid', 'fixed']"
liquid,"['dry', 'broken', 'close', 'dense', 'firm', 'hard', 'solid', 'frozen']"
wet,"['dry', 'clear']"
soaked,['dry']
exhausting,['easy']
flowing,"['empty', 'solid']"
fluid,"['stable', 'solid']"
flexible,"['firm', 'stiff']"
variable,['stable']
racing,"['slow', 'crawling']"
hurrying,['crawling']
crawling,['empty']
continuous,"['completed', 'interrupted', 'broken', 'ceasing', 'ending', 'finished', 'stopping']"
repeated,['permanent']
instanced,['hide']
announced,['hidden']
reported,"['unknown', 'certain', 'secret']"
equipped,"['stripped', 'bare']"
appointed,['elected']
chosen,['ignored']
select,"['least', 'open', 'poor']"
preferred,['rejected']
held,"['freed', 'lost', 'released']"
retained,"['refused', 'lost', 'wasted']"
remembered,"['forgotten', 'overlooked', 'lost']"
taped,"['release', 'refuse', 'lose', 'loose', 'open']"
warmed,"['freezing', 'violent', 'cool', 'cooled', 'cold', 'unhappy', 'calm']"
cooled,"['excited', 'upset', 'friendly', 'kind', 'hot', 'warm', 'approving', 'poor', 'square']"
upset,"['ordered', 'organized', 'moral', 'healthy', 'content', 'pleased', 'collected', 'composed', 'settled', 'decent', 'gay', 'happy', 'strong', 'well', 'clean', 'calm', 'sound', 'comforted']"
shocked,['comforting']
comforting,"['disturbing', 'upsetting', 'worrying']"
worrying,['happy']
bothered,"['collected', 'satisfied', 'calm', 'happy', 'relaxed']"
spilled,['existing']
existing,['past']
worried,"['calm', 'comforted', 'happy', 'relaxed']"
moral,"['evil', 'unfair', 'bad']"
square,"['biased', 'unfair', 'current', 'different', 'partial', 'new', 'popular']"
game,"['capable', 'working', 'afraid', 'weak', 'able']"
busy,['quiet']
occupied,"['empty', 'free']"
written,['spoken']
spoken,"['heard', 'written']"
oral,"['printed', 'written']"
vocal,"['written', 'modest', 'quiet', 'shy']"
round,"['lacking', 'tiny', 'straight', 'small', 'low', 'soft', 'weak']"
looped,['straight']
in,"['old-fashioned', 'old', 'past']"
prevailing,"['individual', 'minor', 'limited', 'private']"
ruling,"['minor', 'secondary', 'yielding']"
upper,"['lower', 'junior', 'low', 'below', 'under']"
higher,"['shorter', 'smaller']"
over,"['less', 'failed', 'fewer']"
less,"['higher', 'greater', 'more', 'important', 'superior', 'major', 'bigger']"
negative,"['confident', 'favorable', 'good', 'positive']"
lesser,"['greater', 'higher', 'significant', 'major', 'superior']"
minor,"['useful', 'chief', 'adult', 'greater', 'large', 'important', 'major', 'significant', 'big', 'superior', 'strong', 'necessary']"
dependent,"['independent', 'strong', 'important', 'major', 'superior', 'free']"
vulnerable,"['guarded', 'protected', 'safe', 'secure', 'strong', 'closed']"
relative,"['unlike', 'independent', 'separate']"
near,"['far', 'gone', 'away', 'distant', 'separate', 'cool', 'remote', 'past']"
touching,"['happy', 'hard']"
emotional,"['calm', 'cool', 'physical']"
exciting,"['boring', 'moderate']"
dramatic,"['usual', 'ugly', 'weak', 'calm', 'normal', 'ordinary']"
sudden,"['delayed', 'slow', 'expected']"
quick,"['delayed', 'later', 'stupid', 'slow']"
hurried,"['delayed', 'slow', 'calm', 'long', 'easily']"
going,"['permanent', 'fixed']"
fleet,['slow']
speeded,"['delay', 'slowing', 'rest']"
advance,"['later', 'last', 'after', 'behind']"
earlier,['later']
more,"['less', 'fewer']"
other,"['included', 'related', 'similar', 'same']"
additional,['necessary']
spare,"['necessary', 'fat', 'thick']"
sparing,['generous']
saving,['wasting']
remembering,"['forgetting', 'overlooking']"
taking,"['boring', 'ugly']"
epidemic,['limited']
general,"['unusual', 'individual', 'specific', 'unknown', 'extraordinary', 'novel', 'rare', 'different', 'strange', 'particular', 'private', 'unique', 'exact', 'limited']"
public,"['local', 'specific', 'unknown', 'private', 'particular']"
national,"['local', 'private']"
social,"['extraordinary', 'unusual', 'cool', 'rare', 'private']"
royal,"['minor', 'poor', 'common']"
official,['false']
endorsed,"['discouraged', 'cancelled']"
backed,"['discouraged', 'opposed']"
helped,"['discouraged', 'harmed']"
relieved,"['worried', 'sad']"
repaired,"['damaged', 'worn', 'broken', 'torn']"
reformed,['preserved']
improved,"['damaged', 'injured']"
well,"['rough', 'little', 'small', 'weak', 'poor', 'sick', 'ill', 'unhappy']"
together,"['upset', 'worried']"
whole,"['hurt', 'part', 'partial', 'broken', 'sick']"
every,['none']
advanced,"['after', 'behind']"
liberal,"['specific', 'conservative', 'lacking', 'wanting', 'narrow', 'limited', 'mean', 'poor']"
understanding,['mean']
patient,"['frustrated', 'rough', 'troubled', 'violent', 'wild', 'loud']"
accommodating,['mean']
frustrated,"['stimulated', 'encourage']"
disappointed,"['encouraged', 'contented', 'pleased', 'satisfied', 'delighted', 'excited', 'happy', 'calm', 'comforted']"
discouraged,"['encouraged', 'happy', 'inspired']"
depressed,"['glad', 'lucky', 'encouraged', 'satisfied', 'happy', 'gay', 'decent', 'above', 'comforted', 'raised', 'blessed', 'rich']"
unhappy,"['glad', 'lucky', 'happy', 'rich']"
destroyed,"['successful', 'repaired', 'intact', 'protected', 'restored', 'fixed', 'saved']"
ruined,"['protected', 'restored', 'repaired', 'successful', 'wealthy', 'intact', 'preserved', 'saved', 'rich']"
intact,"['damaged', 'harmed', 'hurt', 'injured', 'broken', 'violated']"
healthy,"['kind', 'fragile', 'worn', 'weak', 'delicate', 'gentle', 'soft', 'ill', 'poor', 'sick']"
athletic,"['weak', 'delicate', 'soft']"
reduced,"['increased', 'spread', 'stretched', 'raised']"
raised,"['lowered', 'reduced']"
educated,['stupid']
learned,"['stupid', 'green']"
grave,"['excited', 'ridiculous', 'silly', 'light', 'funny', 'happy']"
staid,"['excited', 'fun', 'sporting', 'willing']"
fun,"['boring', 'tiring', 'unhappy', 'bad', 'sad']"
instant,"['old-fashioned', 'future', 'delayed', 'later', 'slow', 'old', 'past', 'late']"
future,"['later', 'past', 'distant']"
inevitable,"['later', 'uncertain', 'unlikely', 'distant']"
approaching,"['later', 'passing', 'distant', 'remote']"
booked,['free']
charged,['empty']
filled,['empty']
budgeted,['debt']
deadly,"['kind', 'helpful', 'healthy', 'calm', 'nice', 'gentle']"
cruel,"['kind', 'pleasing', 'friendly', 'pleasant', 'moral', 'helpful', 'feeling', 'nice', 'easy', 'gentle', 'mild', 'giving', 'good', 'decent']"
painful,"['helpful', 'pleasant', 'pleasing', 'wonderful', 'friendly', 'easy', 'nice', 'good', 'mild', 'simple', 'great', 'calm']"
uncomfortable,"['pleasing', 'kind', 'pleasant', 'content', 'easy', 'nice', 'mild', 'soft', 'simple', 'comfortable', 'happy']"
difficult,"['helpful', 'friendly', 'easy', 'nice', 'calm', 'free', 'plain', 'simple']"
confusing,"['clear', 'easy', 'plain', 'simple']"
subtle,"['stupid', 'honest', 'hard', 'harsh', 'open']"
embarrassed,['composed']
smarting,"['healthy', 'experienced', 'pleasant', 'kind', 'pleasing', 'good', 'calm', 'mild', 'nice', 'moderate', 'low']"
bloody,"['pleasing', 'closed', 'shut']"
much,['little']
enough,['lacking']
adequate,"['unable', 'poor']"
lacking,"['enough', 'sufficient', 'having']"
missing,"['adequate', 'enough', 'sufficient', 'found', 'here', 'present']"
wanting,"['existing', 'adequate', 'enough', 'sufficient', 'present', 'perfect']"
failing,"['adequate', 'enough', 'sufficient', 'healthy', 'OK', 'thriving', 'strong', 'well']"
endless,"['completed', 'interrupted', 'changing', 'temporary', 'restricted', 'occasional', 'passing', 'ceasing', 'ending', 'finished', 'stopping', 'brief', 'limited', 'broken', 'completing', 'finishing']"
ceasing,"['complete', 'create', 'continue', 'do', 'begin', 'start', 'bear', 'open', 'go', 'initiate']"
many,['few']
crowded,"['deserted', 'empty', 'loose']"
packed,"['deserted', 'empty', 'clear']"
wrapped,['uncovered']
dense,"['intelligent', 'easy', 'soft', 'clear', 'open', 'scattered', 'thin', 'smart']"
piled,"['poverty', 'hole']"
scattered,"['connected', 'together', 'united', 'gathered', 'organized', 'concentrated', 'assembled']"
shared,['excluded']
widespread,"['local', 'concentrated', 'limited', 'narrow']"
few,"['useful', 'large', 'many', 'much', 'important', 'major', 'significant', 'big', 'fat', 'tall', 'thick']"
minute,"['huge', 'large', 'giant', 'significant', 'substantial', 'big', 'considerable', 'important', 'rough']"
tiny,"['large', 'huge', 'giant', 'enormous', 'vast', 'important', 'significant', 'big', 'great']"
pocket,"['large', 'huge', 'giant', 'big', 'tall', 'important']"
tall,"['tiny', 'little', 'short', 'small', 'low', 'reasonable']"
impossible,"['logical', 'possible', 'practical', 'reasonable', 'behaving', 'good']"
significant,['minor']
convincing,"['unlikely', 'weak', 'incredible']"
telling,"['weak', 'secondary']"
devastating,['blessed']
material,"['spiritual', 'mental', 'false']"
physical,"['spiritual', 'psychological', 'mental']"
concrete,"['abstract', 'bending', 'general', 'ideal', 'flexible']"
psychological,"['physical', 'body']"
experimental,"['tested', 'tried', 'proven']"
preliminary,"['additional', 'extra', 'closing', 'concluding', 'secondary', 'final']"
trial,"['known', 'proven']"
elementary,"['additional', 'advanced', 'extra', 'complicated', 'secondary', 'complex', 'compound', 'difficult', 'hard', 'involved']"
simplest,"['complicated', 'vague', 'exacting', 'older', 'aware', 'intelligent', 'difficult', 'hard', 'involved', 'complex', 'decorated', 'sophisticated', 'smart']"
older,['younger']
elder,"['younger', 'youngest']"
senior,"['minor', 'junior', 'behind']"
younger,"['experienced', 'healthy', 'adult', 'older', 'old', 'sophisticated']"
adult,"['adolescent', 'infant']"
youngest,"['experienced', 'healthy', 'adult', 'older', 'old', 'sophisticated']"
eldest,"['young', 'current', 'modern', 'new', 'green', 'fresh', 'contemporary', 'late', 'recent']"
veteran,['green']
green,"['healthy', 'experienced', 'dying', 'adult', 'shrinking', 'expert', 'skilled', 'old']"
dying,"['permanent', 'growing', 'living', 'creating', 'developing']"
innocent,"['guilty', 'evil', 'experienced', 'bad', 'cunning']"
guilty,"['immune', 'moral', 'right', 'good', 'innocent']"
responsible,"['excused', 'immune', 'innocent', 'right', 'free']"
subject,"['guarded', 'protected', 'independent', 'unlikely', 'chief', 'primary', 'safe', 'superior', 'certain', 'sure', 'free', 'master']"
governed,['free']
regulated,"['upset', 'confused']"
managed,"['wild', 'free']"
urged,"['discouraged', 'condemned', 'opposed', 'prohibited']"
damned,"['favored', 'welcome', 'nice', 'good']"
wanted,"['satisfied', 'abandoned']"
tailed,"['beginning', 'start', 'front', 'head']"
rear,"['front', 'first', 'beginning']"
front,"['last', 'rear', 'back', 'ending', 'final', 'finishing']"
wished,['hate']
longing,['hating']
hungry,"['satisfied', 'stuffed', 'full']"
choice,"['worst', 'bad', 'poor', 'common', 'ordinary', 'sad']"
prize,"['worst', 'lower', 'poor']"
winning,"['failing', 'losing']"
desperate,"['peaceful', 'confident', 'content', 'satisfied', 'contented', 'afraid', 'shy', 'weak', 'quiet', 'calm', 'mild', 'moderate', 'secure']"
elite,"['lower', 'worst', 'poor', 'bad', 'common', 'ordinary']"
greatest,"['tiny', 'few', 'unknown', 'stupid', 'little', 'minute', 'small', 'low', 'soft', 'weak', 'mild', 'moderate', 'limited', 'thin', 'short', 'poor']"
capital,"['lesser', 'minor', 'last', 'additional', 'extra', 'least', 'secondary', 'poor']"
crack,"['lower', 'minor', 'worst', 'poor', 'bad']"
best,"['last', 'worst', 'least', 'minor', 'extra', 'poor', 'low', 'poorest', 'secondary', 'fewest']"
premium,"['poor', 'low']"
maximum,"['lowest', 'least', 'worst', 'minimum', 'smallest', 'low']"
most,['least']
better,"['worse', 'smaller', 'sicker', 'littler', 'tinier']"
biggest,"['tiny', 'adolescent', 'baby', 'little', 'minute', 'small', 'slight', 'thin', 'poor', 'infant', 'shy']"
baby,"['enormous', 'giant', 'huge', 'large', 'big', 'important', 'tall']"
proud,"['unknown', 'sad', 'sorry', 'modest']"
glad,"['upset', 'sad', 'unhappy']"
cheering,['discouraging']
promising,['unhappy']
gay,"['discouraged', 'upset', 'worried', 'sad', 'unhappy', 'depressed', 'plain']"
brave,"['careful', 'retiring', 'afraid', 'shy', 'mild', 'weak']"
beaming,"['frowning', 'ugly', 'sad', 'unhappy']"
bigger,"['tiny', 'adolescent', 'baby', 'little', 'minute', 'small', 'slight', 'thin', 'poor', 'infant', 'shy']"
longer,"['little', 'short', 'small', 'weak', 'soft', 'low']"
sustained,"['interrupted', 'ending', 'stopping']"
fitter,"['stupid', 'unable', 'wrong', 'poor', 'weak']"
fitted,"['lacking', 'wrong', 'needing']"
finer,"['stupid', 'usual', 'offensive', 'ugly', 'bad', 'ordinary', 'poor', 'regular', 'cheap', 'small', 'common', 'dark', 'rough', 'thick']"
handsome,"['ugly', 'rough', 'wrinkled', 'poor', 'small']"
shorter,"['higher', 'longer', 'taller']"
briefer,"['enormous', 'huge', 'large', 'kind', 'enduring', 'big', 'important', 'long']"
short-term,['permanent']
taller,"['tiny', 'little', 'short', 'small', 'low', 'reasonable']"
sicker,"['healthy', 'moral', 'content', 'pleased', 'satisfied', 'well', 'sound', 'strong', 'perfect', 'clean', 'gentle', 'nice', 'happy']"
bored,"['excited', 'interested']"
littler,"['adequate', 'sufficient', 'large', 'huge', 'older', 'giant', 'enormous', 'massive', 'big', 'fat', 'long', 'tall', 'substantial', 'great', 'important', 'open']"
tinier,"['large', 'huge', 'giant', 'enormous', 'vast', 'important', 'significant', 'big', 'great']"
repairing,"['breaking', 'damage', 'destruction', 'harm', 'hurt', 'injury']"
breaking,"['enduring', 'strong']"
healthier,['bad']
stimulating,"['discouraging', 'upsetting', 'boring']"
stronger,"['fragile', 'vulnerable', 'unable', 'vague', 'pale', 'loose', 'soft', 'weak', 'yielding', 'moving', 'little', 'small', 'easy', 'delicate', 'broken', 'mild', 'moderate', 'low']"
handful,"['lot', 'mass']"
loud,"['little', 'small', 'weak', 'shy', 'quiet', 'silent', 'calm', 'moderate', 'low', 'mild', 'soft']"
ringing,"['low', 'soft', 'weak']"
crashing,['uncertain']
worst,['best']
choicest,"['worst', 'bad', 'poor', 'common', 'ordinary', 'sad']"
precious,"['cheap', 'common']"
dearest,"['cool', 'common', 'cheap']"
poorest,"['wealthy', 'adequate', 'sufficient', 'lucky', 'rich', 'full', 'superior', 'strong', 'great', 'happy']"
fewest,"['useful', 'large', 'many', 'much', 'important', 'major', 'significant', 'big', 'fat', 'tall', 'thick']"
noted,"['unknown', 'ordinary', 'common']"
taught,['stupid']
instructed,['stupid']
master,"['minor', 'green', 'copy']"
bonded,"['uncertain', 'free']"
immune,['vulnerable']
criminal,"['authorized', 'ethical', 'legal', 'legitimate', 'moral', 'kind', 'proper', 'good', 'right', 'blessed', 'pure', 'correct']"
cunning,"['stupid', 'kind', 'slow', 'rough', 'shy']"
seasoned,['unable']
professional,"['unable', 'stupid', 'green']"
dated,"['current', 'modern', 'new']"
continuing,['temporary']
chronic,"['temporary', 'interrupted', 'occasional', 'ceasing', 'ending', 'stopping']"
mere,"['uncertain', 'enormous', 'huge', 'large', 'extraordinary', 'excellent', 'decorated', 'superior', 'great', 'big', 'important']"
animal,"['gentle', 'mild']"
true,"['unusual', 'lying', 'unfair', 'changing', 'evil', 'wrong', 'false', 'affected', 'different', 'cheating']"
unfair,"['ethical', 'honest', 'moral', 'authorized', 'legal', 'appropriate', 'suitable', 'reasonable', 'fair', 'good', 'right', 'correct', 'decent', 'just']"
biased,['fair']
toxic,"['healthy', 'helpful', 'kind']"
fatal,"['healthy', 'assisting', 'helpful', 'blessed', 'vital']"
nursed,"['ignore', 'block', 'cease', 'destroy', 'refuse', 'condemn', 'injure', 'hurt', 'stop', 'discourage']"
leveled,"['unfair', 'unlike', 'changing', 'variable', 'vertical', 'extraordinary', 'unusual', 'rough', 'different', 'broken', 'rare']"
rolled,"['straight', 'spread']"
evened,"['varying', 'interrupted', 'changing', 'unfair', 'unlike', 'variable', 'vertical', 'biased', 'broken', 'rough', 'different', 'troubled', 'partial']"
balanced,"['biased', 'unfair', 'partial']"
level,"['unfair', 'unlike', 'changing', 'variable', 'vertical', 'extraordinary', 'unusual', 'rough', 'different', 'broken', 'rare']"
varying,"['stable', 'fixed']"
drawn,"['fresh', 'relaxed']"
lay,['professional']
secular,"['holy', 'spiritual', 'mental', 'religious']"
religious,['evil']
sacred,"['lay', 'vulnerable', 'open']"
surface,"['central', 'interior', 'middle', 'deep', 'core', 'inside']"
outer,"['central', 'middle', 'interior', 'inner']"
interior,"['external', 'outer', 'public', 'business', 'open', 'revealed', 'outside']"
gut,"['outside', 'material', 'physical']"
external,"['relevant', 'national', 'central', 'interior', 'middle', 'internal', 'native', 'inside']"
out,"['existing', 'stored', 'interested', 'modern', 'in', 'possible', 'saved', 'warm', 'new', 'here']"
standing,"['variable', 'temporary']"
encouraged,['discouraged']
blue,"['gay', 'happy', 'clean', 'decent']"
beat,"['rested', 'fresh']"
rested,"['asleep', 'fatigued', 'tired']"
recovered,"['dropped', 'lost', 'missed', 'ill', 'sicker']"
missed,"['existing', 'located', 'remembered', 'hated', 'found']"
ranked,['disordered']
hazarded,"['safety', 'protection', 'reality', 'determination', 'fact', 'proof']"
chanced,"['planned', 'understood', 'designed']"
weighed,['ignore']
occupying,"['gone', 'leaving', 'removing']"
sitting,['standing']
complaining,"['appreciating', 'enjoying', 'praising']"
objecting,"['nothing', 'subject']"
intent,"['flexible', 'soft', 'weak', 'distracted']"
punished,"['cleared', 'released']"
stimulated,['calm']
left,['right']
receiving,"['awarding', 'giving']"
inheriting,"['fail', 'lose']"
altered,"['held', 'sustained', 'continued', 'kept', 'maintained', 'preserved', 'retained']"
rebuilt,['broken']
righted,"['evil', 'illegal', 'unfair', 'false', 'wrong', 'mad', 'left']"
torn,"['OK', 'working', 'fixed', 'healed', 'perfect', 'certain', 'decided', 'sure']"
financed,"['refuse', 'reject', 'discourage', 'hurt', 'take']"
city,['rural']
municipal,"['country', 'suburban']"
corporate,['separate']
joint,"['divided', 'separated', 'separate', 'single']"
metropolitan,"['country', 'rural']"
country,"['metropolitan', 'city', 'urban']"
rural,"['metropolitan', 'urban', 'city', 'suburban']"
suburban,"['metropolitan', 'urban']"
blanket,['limited']
worldwide,"['local', 'limited']"
pretty,"['offensive', 'ugly']"
treasuring,"['poverty', 'debt']"
reserving,"['debt', 'nothing', 'warmth']"
included,"['rejected', 'excluded']"
opposite,"['agreeing', 'similar', 'like']"
reversed,"['ordered', 'established']"
deeper,"['restricted', 'pale', 'narrow', 'shallow', 'open', 'light', 'quiet', 'soft']"
heavier,"['tiny', 'small', 'thin', 'little', 'easy', 'slight', 'poor', 'light', 'gay', 'happy', 'moving']"
wider,"['restricted', 'tiny', 'empty', 'narrow', 'small', 'little', 'limited', 'straight']"
fewer,"['useful', 'large', 'many', 'much', 'important', 'major', 'significant', 'big', 'fat', 'tall', 'thick']"
tragic,"['lucky', 'healthy', 'pleasant', 'pleasing', 'wonderful', 'comforting', 'excellent', 'calming', 'encouraging', 'successful', 'happy', 'great', 'blessed', 'good', 'nice']"
calming,['upsetting']
bordering,"['far', 'separate', 'apart']"
practically,['far']
seeing,['asleep']
observing,['stupid']
remarking,"['silence', 'question', 'failure']"
slighter,"['large', 'useful', 'likely', 'important', 'major', 'significant', 'big', 'great', 'tall', 'thick']"
borrowed,['owned']
owned,['lost']
bought,['sold']
live,['dead']
controversial,"['peaceful', 'certain', 'sure']"
wandering,['settled']
traveling,"['permanent', 'fixed']"
loving,"['cold', 'cool', 'mean', 'hating']"
peeled,['insides']
through,['stopping']
shortest,"['enduring', 'large', 'adequate', 'enough', 'sufficient', 'kind', 'long', 'high', 'tall', 'thick']"
succeeding,['previous']
theoretical,"['objective', 'real', 'concrete', 'material', 'physical', 'simple', 'certain', 'proven']"
profited,"['resource', 'lack', 'debt', 'payment', 'loss', 'need', 'want', 'bills']"
won,"['beaten', 'defeated', 'lost']"
triumphed,"['disaster', 'loss', 'failure']"
homer,"['outside', 'foreign', 'business', 'commercial']"
industrial,['domestic']
mechanical,"['manual', 'conscious', 'feeling']"
automatic,['manual']
electric,['boring']
manual,['automatic']
behaved,['stop']
alone,['together']
closest,"['far', 'distant', 'remote', 'away', 'beyond', 'loose', 'open', 'cool', 'dry', 'generous', 'giving']"
nearest,"['far', 'gone', 'away', 'distant', 'separate', 'cool', 'remote', 'past']"
grasping,['generous']
reluctant,"['confident', 'willing', 'eager', 'ready', 'certain', 'sure', 'bold', 'anxious']"
delaying,['advancing']
still,"['variable', 'broken', 'moving', 'stirred']"
speaking,['written']
average,"['extraordinary', 'unusual', 'extreme', 'rare', 'outstanding']"
mainstream,"['unusual', 'extraordinary', 'secondary', 'rare']"
daily,"['variable', 'unusual', 'extraordinary', 'different', 'rare']"
surrounded,['free']
fenced,['opening']
boards,"['individual', 'one']"
stakes,['whole']
chance,"['planned', 'understood', 'designed']"
colored,"['white', 'honest', 'real', 'genuine']"
washed,"['dirty', 'soiled']"
purposing,"['hate', 'beginning', 'start']"
voluntary,['forced']
freely,"['bound', 'limited']"
willed,"['hate', 'weakness', 'question']"
protective,"['threatening', 'attacking']"
sheltering,['light']
disputing,"['quiet', 'calm', 'agreement', 'peace', 'harmony']"
rioting,"['calm', 'order', 'peace', 'agreement', 'harmony', 'organization']"
innovative,"['old-fashioned', 'worn', 'traditional', 'old']"
ongoing,['stopping']
exported,"['hold', 'keep', 'retain', 'buy', 'import']"
colorful,"['pale', 'faded', 'boring', 'plain', 'simple', 'weak']"
mated,"['enemy', 'opponent', 'stranger']"
coordinate,"['unlike', 'variable', 'different']"
fallen,['honored']
blind,"['seeing', 'sighted', 'aware', 'understanding', 'uncovered', 'cunning', 'quick', 'sharp', 'controlled', 'open', 'revealed']"
observed,"['forgotten', 'abandoned']"
patrolled,['ignore']
rounds,"['lacking', 'tiny', 'straight', 'small', 'low', 'soft', 'weak']"
iron,"['flexible', 'loose', 'soft', 'yielding', 'moving', 'slight', 'weak']"
bombed,['straight']
bursting,"['peaceful', 'stable', 'calm']"
lighted,"['unhappy', 'dark', 'black', 'heavy', 'difficult', 'grave', 'serious']"
drugged,['clean']
channeled,['denial']
seeming,"['real', 'true']"
slightest,"['large', 'useful', 'likely', 'important', 'major', 'significant', 'big', 'great', 'tall', 'thick']"
merest,"['uncertain', 'enormous', 'huge', 'large', 'extraordinary', 'excellent', 'decorated', 'superior', 'great', 'big', 'important']"
tiniest,"['large', 'huge', 'giant', 'enormous', 'vast', 'important', 'significant', 'big', 'great']"
meanest,"['kind', 'generous', 'nice', 'extreme']"
minutest,"['huge', 'large', 'giant', 'significant', 'substantial', 'big', 'considerable', 'important', 'rough']"
spent,"['existing', 'living', 'restored', 'stored', 'alive', 'active', 'strong', 'fresh', 'saved', 'straight', 'retained']"
shown,"['covered', 'withdrawn']"
braved,"['careful', 'retiring', 'afraid', 'shy', 'mild', 'weak']"
earliest,['latest']
trailing,"['leading', 'ahead', 'guiding']"
boiling,"['freezing', 'cold', 'cool', 'happy']"
baking,['freezing']
artistic,"['horrible', 'scientific', 'ugly']"
aesthetic,['ugly']
forbidding,"['kind', 'friendly', 'nice', 'gentle']"
strategic,['loose']
jarring,"['firm', 'smooth', 'steady']"
clinical,['feeling']
threatened,"['guarded', 'protected', 'safe']"
homeless,['settled']
grateful,['mean']
contenting,"['upset', 'wanting', 'unhappy', 'depressed', 'disturbed']"
wooden,"['bending', 'flexible']"
tending,['avoiding']
realistic,['excited']
thinking,"['stupid', 'dumb']"
multiple,"['similar', 'same', 'uniform', 'single', 'separate']"
piping,"['stupid', 'slow', 'low', 'soft']"
stuck,['aware']
leagued,['separation']
class,"['old-fashioned', 'boring', 'calm', 'plain']"
swinging,"['old-fashioned', 'old']"
hip,"['old-fashioned', 'worn', 'old', 'slow']"
edged,"['inside', 'interior', 'middle', 'surface', 'center', 'bottom', 'block']"
side,"['chief', 'important', 'vital', 'direct', 'necessary', 'superior', 'major', 'serious']"
charted,['disorder']
breathed,"['hide', 'secret']"
damaging,"['assisting', 'helpful', 'favorable']"
hinted,"['information', 'lot']"
quieted,"['complicated', 'loud', 'troubled', 'complex']"
stilled,"['variable', 'broken', 'moving', 'stirred']"
historic,['unknown']
virtual,"['real', 'actual']"
adopting,"['deny', 'release', 'refuse', 'reject', 'disagree', 'oppose', 'give', 'return']"
canceled,"['create', 'sanction', 'construct', 'aid', 'assist', 'permit', 'build', 'keep', 'restore', 'approve', 'continue', 'enact', 'begin', 'start', 'lose', 'fix', 'establish', 'support', 'help', 'allow', 'strengthen', 'bear', 'add', 'arrange', 'tip']"
laughing,"['boring', 'tiring']"
camp,['calm']
swollen,"['shrunken', 'contracted']"
sexual,"['cool', 'cold']"
assaulting,['retreat']
punishing,['easy']
newest,"['old-fashioned', 'like', 'similar', 'standard', 'usual', 'future', 'worn', 'existing', 'old', 'normal', 'common', 'familiar', 'regular', 'past']"
conceiving,"['avoid', 'release', 'destroy', 'lose', 'fail', 'know', 'miss']"
civilian,['military']
military,"['peaceful', 'civilian']"
blond,['dark']
yellow,"['brave', 'confident', 'strong', 'bold']"
sneaking,"['honest', 'stupid', 'rough']"
crystal,['clouded']
grander,"['tiny', 'small', 'ordinary', 'common', 'poor', 'bad', 'modest', 'low']"
strongest,"['fragile', 'vulnerable', 'unable', 'vague', 'pale', 'loose', 'soft', 'weak', 'yielding', 'moving', 'little', 'small', 'easy', 'delicate', 'broken', 'mild', 'moderate', 'low']"
anonymous,"['known', 'named', 'identified']"
bearding,['hide']
scary,"['calming', 'encouraging', 'normal']"
plus,['negative']
